{
    "BM25": {
        "precision": {
            "1": 0.3752471332542507,
            "3": 0.15368393304336364,
            "5": 0.09845788849347568,
            "10": 0.052510873863187035,
            "20": 0.02704626334519573
        },
        "recall": {
            "1": 0.7671016211941479,
            "3": 0.8524120205614868,
            "5": 0.8834519572953736,
            "10": 0.9162712534598656,
            "20": 0.9320877817319099
        },
        "ndcg": {
            "1": 0.3752471332542507,
            "3": 0.42555096857603064,
            "5": 0.4382322906153955,
            "10": 0.4490570408632497,
            "20": 0.4531363358209007
        },
        "map": 0.8179108729709378,
        "mrr": 0.4263101085054047
    },
    "Dense (Default)": {
        "precision": {
            "1": 0.24673784104389088,
            "3": 0.11387900355871886,
            "5": 0.07829181494661921,
            "10": 0.04369315935152234,
            "20": 0.023843416370106767
        },
        "recall": {
            "1": 0.637241333860551,
            "3": 0.7321405034928167,
            "5": 0.7819625675497561,
            "10": 0.8274350863318833,
            "20": 0.8671082114142613
        },
        "ndcg": {
            "1": 0.24673784104389088,
            "3": 0.3011286390957342,
            "5": 0.32180951151769793,
            "10": 0.3365298537700511,
            "20": 0.346459580934851
        },
        "map": 0.6993802881256408,
        "mrr": 0.3088621503753955
    },
    "Dense (Clinical)": {
        "precision": {
            "1": 0.15342032423882956,
            "3": 0.07486490048767629,
            "5": 0.05219454329774614,
            "10": 0.031237643337287464,
            "20": 0.017615658362989322
        },
        "recall": {
            "1": 0.5452748121787268,
            "3": 0.6159549228944247,
            "5": 0.6523329379201266,
            "10": 0.7037366548042705,
            "20": 0.7434756820877817
        },
        "ndcg": {
            "1": 0.15342032423882956,
            "3": 0.19488761808323032,
            "5": 0.21006722367748817,
            "10": 0.22658776074841802,
            "20": 0.23682841514933783
        },
        "map": 0.5947501738519279,
        "mrr": 0.20315929471656477
    },
    "Dense (Medical)": {
        "precision": {
            "1": 0.09727164887307237,
            "3": 0.045077105575326216,
            "5": 0.03163305654408857,
            "10": 0.019731119019375246,
            "20": 0.011447212336892052
        },
        "recall": {
            "1": 0.48912613681296957,
            "3": 0.5270858046658758,
            "5": 0.55001977066034,
            "10": 0.5887043627257151,
            "20": 0.6203374192698037
        },
        "ndcg": {
            "1": 0.09727164887307237,
            "3": 0.11925422131559689,
            "5": 0.12864614513717418,
            "10": 0.14106870992870524,
            "20": 0.14911655273962118
        },
        "map": 0.5180583800782835,
        "mrr": 0.1262807780397088
    },
    "Hybrid (a=0.1) - Default Dense": {
        "precision": {
            "1": 0.2696718070383551,
            "3": 0.1221826809015421,
            "5": 0.08256227758007118,
            "10": 0.04535389482008698,
            "20": 0.024515618821668642
        },
        "recall": {
            "1": 0.6601752998550151,
            "3": 0.7570515355212863,
            "5": 0.803314880717016,
            "10": 0.8440424410175299,
            "20": 0.880552260445499
        },
        "ndcg": {
            "1": 0.2696718070383551,
            "3": 0.3249993667534758,
            "5": 0.344234224834409,
            "10": 0.35740541614492133,
            "20": 0.36665475704767236
        },
        "map": 0.7213527714026265,
        "mrr": 0.33083540443835935
    },
    "Hybrid (a=0.3) - Default Dense": {
        "precision": {
            "1": 0.313562672993278,
            "3": 0.13865823118492157,
            "5": 0.09181494661921707,
            "10": 0.05124555160142349,
            "20": 0.028212732305258992
        },
        "recall": {
            "1": 0.7046263345195729,
            "3": 0.8064781863714248,
            "5": 0.8495782259127453,
            "10": 0.9029590088308949,
            "20": 0.95475813892184
        },
        "ndcg": {
            "1": 0.313562672993278,
            "3": 0.3730037681749416,
            "5": 0.39083579329292567,
            "10": 0.40796709004558973,
            "20": 0.4211888662525007
        },
        "map": 0.7707344147982588,
        "mrr": 0.3799508376267813
    },
    "Hybrid (a=0.5) - Default Dense": {
        "precision": {
            "1": 0.3922499011466983,
            "3": 0.16686437327006723,
            "5": 0.10628706998813761,
            "10": 0.055595096876235664,
            "20": 0.02874654013444049
        },
        "recall": {
            "1": 0.7835112692763938,
            "3": 0.8913602214313958,
            "5": 0.9219388427573479,
            "10": 0.9464544615790168,
            "20": 0.96543429550547
        },
        "ndcg": {
            "1": 0.3922499011466983,
            "3": 0.4557255671129479,
            "5": 0.46830122931676066,
            "10": 0.4762010282536005,
            "20": 0.48103734678273796
        },
        "map": 0.8436548976580891,
        "mrr": 0.45269338454355107
    },
    "Hybrid (a=0.7) - Default Dense": {
        "precision": {
            "1": 0.4025306445235271,
            "3": 0.1639646764201924,
            "5": 0.10391459074733095,
            "10": 0.054962435745353894,
            "20": 0.028568604191379993
        },
        "recall": {
            "1": 0.7939897192566232,
            "3": 0.8830565440885726,
            "5": 0.91073546856465,
            "10": 0.940523263477,
            "20": 0.9620732832476604
        },
        "ndcg": {
            "1": 0.4025306445235271,
            "3": 0.4547467886883867,
            "5": 0.46616257141651024,
            "10": 0.47583949333923364,
            "20": 0.4813489464948674
        },
        "map": 0.8456848133526529,
        "mrr": 0.45441371404998293
    },
    "Hybrid (a=0.9) - Default Dense": {
        "precision": {
            "1": 0.38434163701067614,
            "3": 0.15684723869777248,
            "5": 0.1007512850929221,
            "10": 0.053143534994068806,
            "20": 0.027342823250296563
        },
        "recall": {
            "1": 0.7761961249505733,
            "3": 0.8617042309213128,
            "5": 0.8949189402926058,
            "10": 0.9225978647686833,
            "20": 0.9378212732305259
        },
        "ndcg": {
            "1": 0.38434163701067614,
            "3": 0.43469489633407404,
            "5": 0.4482002275195985,
            "10": 0.4573048308947105,
            "20": 0.4611627685451347
        },
        "map": 0.8265561974158814,
        "mrr": 0.43502515054207375
    }
}